Zip,Density,Population
10028,146955.30,46169
10128,132677.40,62447
10075,132095.70,24377
10025,129548.90,97373
10023,123875.90,60762
10040,120133.30,45278
10026,115461.70,38372
10162,110137.50,1252
10021,108864.60,42142
10030,105863.10,29530
10005,102965.20,7570
10009,100237.00,61806
10033,100108.60,60520
10003,98998.80,57068
10029,94363.10,77857
10016,94164.60,50112
10002,90849.30,79894
10031,90523.60,58912
10456,90074.70,91737
10032,89842.80,59069
11109,86656.00,4337
10453,85787.30,79002
11372,85703.20,63202
10065,82215.90,31761
10011,80408.90,52941
10010,78604.40,30708
10012,76855.10,24846
10452,76427.70,75252
11226,76237.10,98299
10458,75597.10,76276
10027,72357.30,63057
10038,70556.60,20997
10024,69066.60,59249
10037,68340.70,18041
11104,68090.00,26555
10022,68058.90,29699
10282,67476.60,5903
11225,67444.40,59613
10457,66913.80,71015
11219,66609.40,98719
10468,66519.90,72683
10472,66309.00,69659
11373,65936.50,100713
10280,63671.90,8817
11221,60559.10,83773
10459,59083.40,48269
11216,58197.90,54440
11206,57987.20,83180
11213,57520.90,62756
11212,57057.90,87751
10019,56986.10,38752
11220,56785.40,101715
10455,56097.40,39951
10039,56042.60,25952
10014,55901.70,31835
11237,55400.80,55258
10036,54427.50,24127
11103,53801.60,38257
10069,53018.60,5523
11218,52602.70,75132
11233,51663.60,69637
10462,51271.50,76114
11217,51150.50,38567
10017,50847.00,16278
11204,50567.50,80349
10044,49860.20,12050
10013,48772.70,26937
11355,48298.20,83799
11230,47323.00,87064
10451,47063.60,47818
11238,46994.10,51959
11205,45618.80,43320
10463,45091.80,71238
11374,44728.90,41792
10460,44604.30,58676
11106,44344.00,38633
11102,43215.00,35027
11419,42831.50,48370
10467,42589.30,99251
11368,41367.10,110385
10007,41282.40,6748
11210,40852.40,67042
11214,40359.90,88297
11211,39908.00,94681
13024,39701.20,1649
11201,39596.10,56488
11416,39018.00,25973
10034,37885.90,42672
11369,37337.70,39862
10454,37176.20,38751
11223,36953.70,76651
11229,36715.20,81351
10001,36638.70,22767
11435,35998.70,54523
11203,35892.50,77011
11375,35171.00,69652
11207,34994.60,93465
11377,34924.50,88939
10466,34477.30,69657
11209,33569.80,72582
11415,33477.10,19020
11421,33185.40,42745
11549,32301.30,2337
10006,32132.00,2950
11215,31902.90,70156
11228,31333.90,46059
11235,31000.30,75622
10469,29168.00,72241
11432,29032.70,62395
11417,28199.30,31556
11385,27472.60,100132
10473,27434.50,59948
11224,27032.20,42698
11236,26919.90,97714
11208,26694.60,92262
11354,25657.80,56433
11370,25497.30,36271
10018,25054.80,8062
10035,24895.70,34760
11428,24574.30,20461
10475,24496.20,44582
11433,24438.20,37927
11420,24139.50,50162
11231,23800.00,34605
11436,23620.50,18609
11232,22943.80,29452
11412,22891.50,37690
11423,22718.10,32053
11105,22559.50,36816
11418,22504.50,36751
11239,22228.30,12943
10461,21850.80,52435
11691,21824.80,62577
11222,21534.90,34580
11429,21141.00,27506
11434,19743.00,65255
11358,19305.30,37634
10550,18716.30,37421
10601,18198.30,11524
10705,17807.30,39817
14627,17550.60,2703
11379,17220.90,35725
11365,17155.70,43138
11361,17077.70,30352
11692,16821.40,17970
11411,16406.00,19177
11367,16209.80,41582
11422,15915.90,32589
11694,15742.20,21507
11356,15145.90,23800
10302,15106.60,18043
10308,15069.70,29805
11427,14883.00,23460
11004,14782.40,14045
10553,14510.90,10032
11357,14486.20,40588
11426,14342.20,19348
11364,14153.30,34902
10701,14115.90,59628
11360,13974.80,19916
10310,13767.70,24719
10465,13517.10,46360
11550,13416.80,57224
11413,13307.10,41689
10552,12240.30,20339
11001,12105.70,27156
11414,12045.10,28742
10801,12022.90,41265
11794,12011.80,3317
11366,12009.80,13146
10703,11859.20,20894
14201,11823.20,12872
11378,11820.80,30854
11005,11635.10,2123
10503,11571.80,172
14853,11511.20,2883
10606,11447.60,17293
11234,11415.90,95610
11693,11370.40,11338
14222,11305.50,14519
10704,11108.00,31198
12222,10890.20,5966
10805,10819.60,18898
10304,10783.50,41864
10301,10740.70,39367
11003,10732.70,44907
11580,10586.90,41525
11010,10548.50,25054
10470,10433.30,14880
14619,10426.80,15237
12210,10138.90,9147
14213,9880.30,23468
10305,9698.00,41471
12307,9694.60,6951
13203,9670.30,16437
14607,9598.30,16159
11563,9589.20,22984
14209,9406.90,8597
11501,9347.40,19155
11575,9310.60,16674
11101,9268.20,25317
11561,8807.10,37599
11363,8778.80,7625
13902,8667.70,6172
11516,8601.30,7513
11040,8479.30,40799
10471,8459.80,21935
14621,8169.20,34576
10707,8104.30,10525
14215,8086.20,39786
11596,7987.60,10638
10474,7972.40,12223
11520,7913.00,43632
14208,7910.30,10918
11565,7901.10,8820
14216,7872.40,22203
10312,7812.70,61105
14301,7754.20,12965
11726,7735.10,21102
10303,7691.50,24348
11756,7632.30,42321
10307,7621.60,15006
11553,7552.50,26506
14605,7504.40,13737
11570,7413.30,27896
12206,7398.20,15757
11762,7348.70,23053
11021,7337.10,17478
10708,7305.40,22497
10306,7287.30,54888
11581,7209.60,20956
14217,7133.40,22911
11362,6994.50,17897
11510,6954.60,33430
10573,6929.10,38656
14214,6910.60,19743
11590,6861.30,45972
11518,6762.00,10065
14608,6755.80,12377
12604,6695.10,660
11507,6690.40,7224
14223,6672.10,22901
12308,6568.30,15187
14613,6556.50,12212
10709,6448.40,9347
11710,6363.10,35151
14220,6349.80,24525
11757,6320.40,44923
11552,6234.40,22949
11598,6108.10,12927
13210,6107.40,27905
10314,6095.50,87524
14611,6093.90,17773
11801,5985.90,39805
11554,5980.90,37513
14207,5935.60,23285
11783,5916.80,21170
10927,5883.70,12060
11514,5793.90,5197
13202,5759.30,5745
14212,5754.40,10974
10803,5701.40,12523
10710,5657.80,27388
14620,5616.70,25689
10119,5591.70,92
11023,5584.00,9955
12209,5524.40,11844
11572,5513.40,28901
14609,5465.60,44103
10977,5456.00,60650
13205,5446.40,18788
10603,5443.80,17924
11717,5441.60,59449
10004,5402.40,3024
11714,5391.30,23313
13208,5388.10,22490
11566,5274.40,33791
10566,5183.90,23875
11701,5169.80,27423
14211,5160.20,20885
11703,5138.10,16249
11722,5099.10,37181
12208,5097.20,21417
14204,4957.90,8905
10309,4937.60,33382
11704,4922.90,40685
14616,4819.20,28638
11758,4811.80,55900
11784,4810.70,26312
11579,4753.20,5336
10543,4743.90,20250
14261,4739.60,5680
11803,4689.50,28445
11096,4650.60,7884
10538,4609.40,16803
10952,4547.50,41619
10522,4527.30,11001
13204,4495.60,19984
14206,4465.40,21670
11729,4372.00,27409
13501,4367.10,38464
10923,4347.60,8705
14604,4307.90,1651
10993,4282.60,5069
11558,4280.60,8646
13207,4256.30,13352
11577,4197.60,12788
11795,4172.40,25536
14210,4139.50,13787
14226,4134.20,28593
14445,4129.40,7892
14802,4095.20,4260
14614,4068.60,1136
13206,4051.40,15997
11542,4010.30,27691
12202,3991.90,9066
11950,3976.90,16969
11530,3951.20,28155
10968,3931.00,2301
11741,3828.50,28651
11755,3804.00,12329
10960,3728.20,15637
11776,3721.50,25675
11767,3650.50,15259
11706,3605.90,65865
11720,3603.40,29374
12801,3565.90,14574
10605,3471.60,17671
11731,3457.70,28969
10954,3438.90,23678
11557,3402.00,7364
11793,3348.60,32710
14778,3340.60,1388
11709,3335.10,6724
10804,3332.30,14850
10528,3322.90,12720
11738,3308.30,17643
11727,3295.50,29987
12304,3293.30,22537
11569,3289.80,1284
10530,3240.50,12431
11718,3220.70,3117
11798,3220.20,15362
10583,3186.20,39510
11751,3177.10,14679
12929,3172.90,3778
14610,3116.30,13679
12305,3109.70,4923
11735,3102.30,32499
13219,3076.80,15318
11020,3039.90,6120
10706,3018.20,8734
10607,3012.90,6727
11779,3005.70,38733
11753,2995.00,11657
14606,2970.50,29076
13224,2942.70,8767
11725,2935.90,28646
14202,2935.10,3570
11789,2920.80,7659
12085,2887.70,507
11746,2871.50,68580
14617,2812.30,22776
14168,2800.70,111
10983,2800.40,5727
14225,2799.80,33228
12183,2797.80,2612
14150,2792.20,41908
14043,2792.10,24267
13088,2762.10,22012
11796,2740.00,4012
10965,2732.80,14878
11772,2720.10,45262
13475,2713.30,41
12189,2697.00,17675
12203,2696.10,30926
11782,2682.10,15045
14615,2670.60,15579
14227,2651.80,22950
13116,2643.70,3492
11742,2643.60,13229
13495,2640.00,2304
10532,2628.30,4906
14904,2587.90,15411
13410,2579.60,255
11050,2566.10,30583
11740,2564.30,9507
11715,2555.10,4335
11576,2551.40,12325
11030,2545.60,17295
10502,2545.10,5396
11548,2544.80,2328
11790,2535.40,18627
11752,2502.50,9351
14303,2472.20,6073
14720,2460.10,603
13214,2439.90,8938
11732,2403.10,3671
10596,2396.10,1629
10523,2371.30,8563
14221,2350.60,54109
11787,2316.30,36357
10517,2303.00,756
11754,2294.50,19201
10591,2276.30,23037
13417,2242.90,2925
12601,2233.80,42608
11967,2221.60,27115
12417,2214.30,762
14218,2210.10,18943
14618,2197.80,21367
10562,2194.40,31453
14626,2175.20,29735
14905,2165.10,9414
14622,2162.20,12042
14112,2127.80,85
11763,2109.90,29217
12466,2100.40,2180
10996,2097.70,6892
14305,2090.00,17249
11705,2088.20,7571
10533,2074.20,7484
10594,2073.20,5201
14068,2061.20,7131
13090,1994.50,30295
13643,1988.20,72
11509,1979.00,2232
14224,1968.90,40002
10976,1965.70,2266
12047,1957.80,20086
13603,1954.80,10727
10580,1947.30,17322
12303,1941.00,29906
10984,1937.30,3117
13212,1920.80,20348
10570,1909.80,12592
11791,1902.40,25213
11024,1888.80,7789
11788,1884.30,16167
10956,1880.30,31090
12903,1871.10,1086
11713,1853.90,9530
11697,1836.90,4078
10989,1811.70,10113
11769,1804.90,8716
14302,1799.00,25
14514,1787.50,6719
14612,1749.20,34668
11547,1747.90,797
11804,1732.10,5000
12205,1724.20,27395
12309,1717.40,29992
12130,1716.90,1025
14109,1716.70,813
11951,1712.50,13401
10920,1685.80,8682
11797,1676.70,8645
11766,1671.80,12718
10537,1665.60,1952
12204,1653.90,7277
11721,1645.50,6482
11559,1639.80,8402
13062,1621.00,303
13103,1612.80,575
13352,1589.00,293
11934,1564.10,7929
11778,1558.70,12747
11739,1548.60,1421
10511,1542.30,2349
11702,1530.70,14512
12550,1530.30,54903
11749,1528.90,3346
14504,1528.40,1739
11730,1519.00,14204
11747,1503.80,19793
11743,1496.80,43533
14219,1482.00,10912
11777,1461.20,9448
13211,1447.80,6819
12110,1442.80,21837
12211,1431.50,11503
13321,1426.40,1175
10604,1413.10,11397
14585,1393.40,69
10979,1379.30,201
14228,1356.30,21887
12508,1349.10,19742
14120,1347.10,44800
14623,1336.40,26003
10913,1335.80,5657
12603,1333.30,43411
13461,1325.00,3072
10547,1313.10,6913
13319,1313.10,1164
10548,1307.90,3214
14722,1297.60,430
10950,1289.60,48838
14304,1289.30,28605
14450,1289.00,41414
10901,1282.70,23195
14624,1278.20,35918
14625,1276.20,9990
11716,1268.40,11134
12803,1262.90,8093
10464,1261.20,4532
11764,1252.60,12969
14441,1245.80,444
10595,1245.50,8577
10588,1244.80,2518
12207,1238.10,1506
12456,1230.80,690
14526,1229.00,20609
11953,1227.90,12688
14051,1227.20,20133
12471,1209.30,672
10505,1203.30,785
14756,1196.10,164
12084,1180.90,4281
12065,1177.20,42249
13157,1170.50,718
14788,1164.30,245
10915,1163.80,168
14580,1140.30,50946
14774,1122.80,200
14592,1121.20,187
10535,1120.80,573
12054,1107.40,17139
10589,1102.30,9376
11545,1101.40,12653
14588,1075.60,259
14075,1073.90,42837
10545,1072.00,135
10994,1068.20,6931
14539,1063.00,225
14827,1055.70,95
13677,1055.10,240
12182,1043.40,14937
13435,1041.80,217
14169,1038.10,320
12144,1037.40,20244
10510,1034.90,10391
11733,1028.80,17065
10546,1018.60,1149
13209,1016.70,13047
14586,1010.00,11452
10598,1009.70,29699
13905,1009.50,27543
12590,1004.40,35148
10514,997.30,12915
14534,993.60,32399
10541,993.10,26355
12553,992.70,25395
14085,979.90,7167
11780,976.00,15099
12524,973.90,15984
12565,969.70,1450
14742,957.40,215
10507,956.80,7039
12180,951.20,53218
14026,945.80,712
14086,942.70,32159
11961,934.60,12041
13341,934.00,172
10577,928.80,6269
10962,923.80,5677
12177,920.60,596
11042,919.30,542
13628,907.40,211
11955,902.10,2780
13760,898.30,44585
10567,894.10,20197
14480,890.00,1166
14467,886.70,9784
11940,880.40,4982
11786,879.10,6550
12432,871.30,530
10520,870.30,13107
12449,868.10,3301
12527,861.20,134
12453,845.30,417
11946,838.80,13312
10992,838.20,9324
11560,830.50,6334
11768,820.20,21687
10549,815.30,16165
13413,813.10,16227
12188,792.90,11138
11970,791.50,466
13901,789.30,19006
13039,785.70,17759
13492,776.40,11710
10925,775.00,4300
13066,773.60,11809
10501,765.90,1073
12520,765.10,3042
13362,753.60,208
14126,751.70,685
11941,745.10,1929
13647,744.70,68
14752,737.70,185
14127,736.00,30329
10940,735.40,48512
10928,731.10,4029
14035,731.00,167
10933,726.30,797
14072,725.90,20580
12979,715.70,2433
12722,714.90,199
11792,710.70,8941
12150,707.20,842
11724,703.60,2853
12172,701.80,310
12574,698.80,352
10964,693.70,1711
10970,689.00,9716
14854,659.00,15
11771,643.90,9344
12302,638.40,27809
13163,636.60,342
10930,636.30,8938
13031,631.10,15345
12077,618.30,6481
14425,611.10,11415
13790,610.60,17858
10922,598.70,1406
13502,598.30,32415
13041,589.80,11023
12518,589.00,5889
12884,588.20,293
14092,588.10,11595
10926,582.90,3256
12306,582.60,25494
12401,581.40,34752
12198,579.00,7723
11944,575.40,4338
12159,557.40,7878
12504,551.60,1260
10980,549.60,13746
11719,549.40,3372
13051,547.30,129
11972,535.00,1295
14893,529.50,12
13138,528.80,21
13859,527.40,269
12533,525.40,25936
12866,524.10,37268
12538,523.00,13900
10917,522.90,1959
12027,518.60,3731
13057,518.40,14547
14850,517.60,65647
14031,512.30,9710
10921,509.10,4138
11901,508.40,30631
10590,501.20,7026
12586,499.20,12035
10509,497.00,19605
12411,497.00,475
12019,496.50,14893
14537,484.80,164
11948,483.30,1315
12061,481.50,9747
14048,480.70,14718
12804,478.10,26477
12008,477.10,480
14506,476.20,1374
11568,475.20,4240
13087,474.20,177
13134,472.50,39
10527,471.40,1156
12582,467.60,6165
13903,467.30,18735
14047,466.60,6596
14203,460.50,1751
13113,458.30,238
13102,455.10,27
14173,454.30,263
13027,453.70,31724
13215,453.50,15409
10526,448.20,1714
14901,446.10,17019
12118,441.90,14569
12472,441.10,1646
11977,440.40,2570
12933,438.60,12
14701,434.10,40232
10504,433.00,7885
11942,430.10,4092
10518,429.70,1505
14559,428.70,18336
13664,428.30,439
12901,428.20,32843
13838,426.90,4450
11963,426.60,6811
13850,424.60,22080
10512,422.30,25467
10173,421.20,2
10941,421.20,13572
12839,421.00,13784
11971,420.00,6376
12542,419.50,6088
13029,414.60,7506
14094,414.20,50605
13904,413.00,9626
11949,411.80,14340
12486,408.00,1461
12020,405.10,31729
13305,403.40,387
10919,398.30,1647
12771,397.00,14041
10165,396.70,2
13616,393.90,2184
14102,391.30,1494
12821,388.30,2178
14750,388.20,4309
10536,385.40,10725
11960,379.40,744
12045,372.50,325
13115,371.00,172
13440,369.50,42221
11980,366.80,4856
14059,365.10,9834
14006,363.80,9612
13602,363.40,3633
13162,357.90,637
11952,357.00,4518
12911,356.80,49
13357,356.00,11280
12196,354.90,3214
10918,350.70,11700
10199,349.30,9
12563,347.00,8106
12570,345.90,7533
13104,343.90,16266
14061,342.40,328
10924,340.80,13153
14564,340.60,14382
14420,339.90,20638
14032,338.40,7853
10578,336.20,589
13126,335.60,37190
12063,335.20,479
13421,335.10,14106
14020,332.80,23120
12482,329.70,729
10963,329.60,4219
11968,326.80,10718
13021,326.60,39326
14468,326.50,18271
13350,325.50,10080
12733,324.30,1666
12051,324.10,7030
10990,323.20,20029
14903,321.10,6805
10506,319.90,5303
12041,316.00,500
10597,314.40,1128
10974,314.10,3166
10103,313.60,3
12528,312.00,13066
10973,310.40,2646
13020,310.10,145
12589,307.10,18005
12561,305.30,18423
10988,300.30,947
12759,298.10,1910
12569,297.30,9990
12751,297.30,1154
14513,296.90,14001
13323,295.10,11238
13615,289.90,1114
12512,288.50,129
11935,287.60,3263
14063,286.90,14555
13748,286.00,3907
13692,285.80,78
14502,285.20,10698
12033,284.80,7886
13469,284.40,1163
14519,283.60,11594
11556,283.50,17
12477,283.30,18797
14760,283.30,18208
12549,283.20,11138
13030,282.80,3792
13784,282.20,132
13045,280.70,30009
12547,280.00,2947
13403,279.90,7579
14052,275.10,17072
14568,272.20,6465
12124,272.00,718
10579,271.10,9264
11765,269.30,745
13601,267.30,38348
14856,265.20,100
12143,261.70,5104
12148,261.60,4428
14845,261.30,20961
13078,260.80,10273
12754,259.90,6952
12831,258.40,17614
12089,258.10,140
12515,255.40,1284
14004,254.60,12284
14456,254.10,19865
12577,253.20,1526
12151,251.20,684
12543,251.00,3035
12872,249.10,76
14132,246.90,6933
13313,246.60,555
12086,245.40,1503
13732,240.00,8101
13424,238.90,2663
12779,235.60,2109
10519,235.20,181
11770,233.60,102
14464,232.40,7272
11937,228.50,15446
13069,228.10,25297
13164,228.00,2448
12721,225.60,5743
11978,224.70,2963
11956,224.20,298
14814,222.90,1984
12548,222.40,1352
12540,221.80,7634
13108,221.20,6460
10932,220.50,33
14881,220.30,271
12498,220.10,4800
14454,219.70,11124
12174,218.40,251
14529,217.90,85
14830,217.00,19679
12010,216.80,28926
10916,215.60,4374
14479,215.50,319
14130,214.90,234
12158,214.80,6775
12078,214.50,24072
10560,213.50,4742
12069,212.50,147
11947,212.40,138
13135,211.20,6990
13820,211.10,22746
14424,211.00,26862
11933,210.90,6358
12460,210.30,434
14108,209.90,5686
12161,209.40,87
12490,209.40,110
13037,208.50,8549
10524,208.40,4402
12580,208.30,4539
10170,207.90,2
10171,207.70,1
10576,207.50,4842
12849,206.50,564
11959,205.90,877
14174,205.10,5683
12443,204.60,3710
12487,202.80,3243
12513,202.70,596
12534,202.30,17846
13674,200.90,118
12015,200.30,2789
12095,199.60,12166
13638,198.50,260
14522,198.00,9288
13678,197.80,163
13082,197.40,4735
12186,195.60,6266
12475,195.30,240
12828,194.70,9291
13153,194.60,174
12575,194.10,1970
12566,194.10,10596
12491,193.70,1799
12583,192.70,2524
14170,191.40,2370
12977,191.30,1733
12789,190.70,1855
14472,188.80,8308
12531,188.70,3492
12775,188.40,2180
14555,187.40,1182
14136,186.70,5109
12701,185.40,10917
12419,184.60,446
14892,184.30,8000
12863,182.30,655
12585,180.20,901
14414,179.40,7062
13795,175.70,3638
13117,175.60,143
13662,175.40,16692
12564,175.30,7224
12140,174.80,1461
12184,174.60,6851
12571,174.00,10191
12414,173.60,10463
12974,173.00,1393
12018,173.00,7919
14589,172.70,7573
14870,172.10,10647
10986,172.00,1887
12572,171.90,8859
13036,171.80,8465
10914,171.20,421
14057,170.90,8241
12594,169.40,4180
14716,168.60,3100
13148,168.10,10647
12451,167.50,1986
13346,166.20,6457
14487,165.80,5539
10516,165.80,5327
14432,163.20,6304
12106,162.90,2380
13032,162.10,13230
13612,161.80,2904
14511,161.20,379
12413,160.80,2645
13076,160.00,2451
12123,160.00,5293
13165,159.80,10919
12170,158.90,4894
11976,158.40,2301
12530,158.20,55
13669,158.10,16436
13641,156.60,49
14733,155.90,4352
13314,155.50,606
14428,155.40,8003
13060,153.70,2461
13845,153.30,60
13655,151.90,3414
12489,151.40,943
13456,151.30,4246
12578,150.00,2372
12025,149.10,5471
14011,148.80,9957
14475,148.80,227
10969,148.30,1665
14001,148.10,9790
14025,143.70,3210
10998,143.60,2699
12037,142.30,4416
13132,141.70,3420
14808,141.00,475
14482,141.00,8265
10931,140.70,908
14546,140.50,4843
12871,139.90,4282
14865,139.70,2787
12787,139.50,490
14135,138.40,143
12962,138.40,6009
12516,138.40,2168
13476,137.20,2931
12956,137.00,1260
12009,136.90,7264
12522,136.60,5159
12043,135.40,8396
14548,134.90,4056
12420,134.60,569
12742,134.40,290
12864,134.20,28
13340,133.80,7788
13166,133.70,5565
14712,133.40,3483
14103,133.40,10728
12507,132.30,200
14707,131.30,261
14478,131.20,1535
14134,130.80,111
13080,130.80,3997
14485,130.20,4609
14033,130.10,2252
14551,129.90,5693
12070,129.70,1607
14843,129.30,13052
13815,128.90,13896
14744,128.80,2265
13053,128.10,4283
14411,127.60,14493
10958,127.30,2929
14041,127.20,295
14505,127.20,5050
12132,126.40,235
13152,126.40,8178
12433,126.20,493
13827,126.00,11649
13120,125.90,2162
12035,125.90,798
12056,125.40,2319
11939,125.20,932
14034,124.70,3205
14543,124.30,3174
14470,123.60,7930
12428,123.00,6709
13490,122.20,1446
12788,121.70,2885
12514,121.60,3273
12192,121.40,2089
12484,121.10,2884
13623,121.10,48
13834,120.80,47
12525,120.80,2882
14545,120.60,173
12978,120.50,315
13833,120.10,4309
12747,119.50,1722
12745,119.50,192
13073,118.50,6520
12838,118.20,601
14882,118.20,3939
14070,117.70,6050
12526,116.90,3763
14172,116.30,3104
12833,116.10,4111
14894,116.00,1311
12483,114.80,385
12438,114.40,55
14816,114.10,442
13145,113.70,1909
12749,113.60,337
12176,112.40,385
14131,112.30,4828
13637,111.90,3945
13363,111.90,2375
13794,111.50,80
13035,111.30,8543
13744,110.80,1284
13068,110.70,5697
13777,110.30,664
10953,110.30,123
14067,110.00,5456
14787,109.30,5030
12845,109.10,4864
14141,108.70,7684
14530,108.50,5392
12090,108.30,6175
12859,107.30,2368
14466,107.10,1844
13634,107.00,4879
12404,106.80,3835
14489,106.70,7261
13114,106.30,6761
13774,105.90,317
14769,105.70,964
14125,105.00,3765
13074,104.80,4467
13676,103.90,16728
11964,103.40,2048
14532,103.30,4235
14810,102.70,12444
13685,102.60,2306
13112,101.90,2200
13160,101.80,2167
13408,101.60,3834
14028,101.30,1423
12458,101.30,3281
12040,101.00,132
14872,101.00,650
12790,100.90,4671
12173,100.50,1731
13607,100.30,1810
13084,100.00,4303
12975,98.50,281
14469,98.40,6500
12738,98.40,650
12791,98.40,646
12157,97.80,4272
10110,97.00,1
13776,96.90,551
14471,96.90,2628
12729,96.80,2183
11954,96.80,3471
12485,96.70,822
14416,96.60,3606
13619,96.60,10706
14871,96.40,5561
13407,96.30,5280
13428,96.20,1530
11932,96.10,1008
12068,95.40,3006
14111,95.40,3456
14527,95.30,12923
14423,95.20,4828
12746,94.90,1376
14770,94.80,2836
13861,94.70,419
12412,94.60,574
14036,94.20,5119
13110,94.10,2313
13077,94.00,6673
14541,93.80,4634
12822,93.50,6287
14886,93.00,7236
12463,92.70,1006
13425,91.90,2348
13668,91.80,3484
14437,91.10,11314
13304,90.80,1600
12473,90.80,1363
13802,90.50,912
12024,90.20,94
11930,90.20,1565
14476,89.80,2229
14105,89.70,4247
12195,89.50,175
13636,89.20,286
11958,89.20,366
13167,89.10,3056
14891,89.00,4655
13477,89.00,1802
11975,88.80,359
12185,88.70,2180
12481,88.60,1119
14864,88.60,1107
12094,88.50,2550
12792,88.40,300
14030,88.00,1767
13606,87.90,3101
14081,87.80,3167
12501,87.70,2710
12780,87.70,2152
13624,87.70,5636
14517,87.60,2989
12461,87.30,2088
13617,87.30,11243
12545,86.60,4764
14069,86.50,738
12431,86.40,1338
14895,86.10,9802
14867,85.40,5738
12440,85.30,2008
14139,84.90,2028
10987,84.60,3279
14550,84.50,1764
14080,84.40,4467
13806,83.90,260
13044,83.80,2352
13328,83.70,1328
12083,83.40,3639
12748,82.60,1825
13042,82.60,2799
14042,82.40,3783
12765,82.40,1033
12465,82.00,238
13142,81.80,6141
12832,81.80,6624
12058,81.20,1586
12781,81.10,346
13317,81.10,3787
14569,81.00,6216
12823,80.80,351
13140,80.80,4353
14516,80.60,2429
13404,80.40,237
14040,80.40,2365
12752,80.10,150
12423,79.90,1016
12125,79.80,1434
14544,79.50,2247
14477,79.40,2089
14706,79.20,6294
12075,79.00,3120
14435,79.00,2894
13746,78.50,2216
14481,78.50,1865
12523,78.10,1725
12074,78.00,2849
12137,78.00,1901
13751,78.00,156
12405,77.80,558
13123,77.80,184
12972,77.40,6448
13862,77.20,4531
13478,76.80,2750
13028,76.50,1452
13034,76.10,1857
14757,76.10,3520
13409,75.70,2611
14590,75.70,5199
13308,75.60,2973
13322,75.30,919
14012,75.30,2515
12844,75.30,206
12117,75.20,3426
12919,75.00,2903
12961,74.50,298
14009,74.40,5532
14143,74.20,1076
12121,73.80,1739
12992,73.70,4697
12053,73.70,4605
13734,73.50,2703
12953,73.00,15679
13675,73.00,89
14521,72.90,2755
13310,72.40,555
12719,72.10,1275
13329,71.80,3837
12067,71.80,1551
14427,71.70,2202
14874,71.70,166
14422,71.30,2432
12834,71.20,6243
13812,70.70,2299
12783,70.60,2425
6390,70.10,296
12921,69.80,2328
13651,69.80,185
14572,69.70,5228
13156,69.40,2162
14710,69.40,3359
13131,69.40,3682
13694,69.10,1581
12154,69.00,2961
12837,69.00,1032
13054,68.90,1536
14837,68.70,5569
12816,68.10,4329
12446,68.00,4633
13101,67.70,2648
13159,67.50,5357
13365,67.30,9134
12887,67.30,5695
14510,67.10,4700
14098,66.90,3079
11965,66.80,621
12809,66.70,3461
14869,66.60,1343
13811,66.50,4228
11931,66.00,36
12850,65.80,3137
14718,65.70,2195
13143,65.50,2870
12723,65.00,2090
14715,64.80,2816
13743,64.50,3794
13730,64.20,3185
12546,64.20,2960
13026,63.90,1799
13673,63.80,2228
12059,63.70,1698
12156,63.60,955
13480,63.40,3419
13033,63.40,3939
12824,63.30,991
13354,63.20,3294
12592,63.20,1196
13797,63.10,2109
12567,63.00,2928
11962,62.90,452
12785,62.40,1095
12885,62.30,4595
13339,62.20,6784
13825,62.10,3522
14433,62.00,4121
14561,61.90,3209
13402,61.80,1576
13406,61.40,674
12883,61.30,5020
13118,61.20,6288
12066,61.20,2120
13778,60.80,5922
13122,60.70,1136
14525,60.70,2772
14005,60.60,2032
12429,60.60,128
12057,60.60,2130
13753,60.50,5710
14860,60.50,1270
13796,60.40,1357
14732,60.30,135
13605,60.30,4907
13667,60.30,3017
13452,60.20,4645
12517,60.20,631
12918,60.20,2389
12766,59.90,482
14825,59.70,1007
14838,59.60,2160
14571,59.50,1123
12160,59.20,1058
13841,59.10,730
13460,58.80,4213
14847,58.50,2282
12092,58.40,884
13733,58.40,5332
12115,58.30,304
12165,58.20,188
13849,58.20,3893
14779,58.20,6629
12762,57.80,395
13326,57.70,5545
14740,57.40,1496
12062,57.40,1677
13865,57.10,6373
14533,56.80,1826
13809,56.70,1706
13345,56.50,280
13111,56.00,1496
14883,55.80,4056
12167,55.70,2561
13842,55.60,702
12846,55.40,3289
12072,55.40,2697
12168,55.40,1937
13787,55.30,3543
14738,55.10,3641
14772,55.10,4087
14058,54.90,2190
12470,54.70,537
10975,54.60,328
12939,54.60,227
14821,54.60,2967
13063,54.50,1901
10985,54.50,14
12029,54.30,1105
13332,54.20,2672
12737,54.10,2062
14145,54.10,1522
14726,53.90,2193
13431,53.70,1995
12916,53.60,2225
13826,53.60,58
12811,53.40,92
12865,53.30,3876
13642,53.30,9849
12957,53.30,1702
14817,53.30,2151
12457,53.20,743
12734,52.70,728
14840,52.70,3110
12937,52.60,1723
13092,52.00,2527
14747,51.80,2261
14801,51.70,5638
13491,51.70,3741
13863,51.60,793
12770,51.30,245
14879,51.30,2231
12149,51.30,2415
14008,51.20,1295
14091,50.70,1078
13334,50.50,1498
14101,50.50,2171
13807,50.30,1217
13411,50.20,3453
13622,50.00,2980
12860,50.00,815
13780,49.60,1111
14462,49.60,594
12116,49.50,1949
12958,49.40,1843
14037,49.40,855
12763,49.10,709
14711,49.00,1976
12193,48.80,1915
14065,48.80,1825
14782,48.70,2680
12724,48.70,368
13468,48.30,475
14842,48.30,808
14054,47.80,1189
12944,47.70,4386
14486,47.60,268
14138,47.50,2250
12965,47.50,454
12581,47.40,1936
14727,47.10,5161
12052,47.10,1477
12767,47.10,140
14858,47.00,1713
13144,47.00,1839
12960,46.90,1443
13318,46.90,1190
14167,46.90,1765
13141,46.80,616
14815,46.60,870
14823,46.60,3617
14560,46.60,1860
12409,46.40,673
14512,46.40,4765
14841,46.40,909
13803,46.10,4153
14039,46.00,86
14129,46.00,1436
13614,46.00,412
14736,45.90,240
14062,45.60,3311
13416,45.60,2385
12493,45.30,313
14055,45.10,1461
13830,45.10,5020
13433,45.10,2000
13620,45.00,2101
12028,44.80,1024
14549,44.50,5
12087,44.40,886
12046,44.30,772
12521,44.30,1470
13061,44.20,1193
13754,43.90,3561
12726,43.80,1312
13450,43.70,104
12913,43.60,1280
14743,43.50,1890
14812,43.40,3369
13438,43.40,3821
14748,43.40,793
12153,43.20,786
13335,43.20,1650
14809,43.20,2413
12448,43.20,514
13804,43.10,657
14777,42.90,656
14818,42.80,1598
13786,42.60,664
13654,42.50,3000
14013,42.40,1732
12817,42.30,2358
13439,42.20,3655
13418,42.20,220
14415,42.00,61
14813,42.00,2559
14755,41.30,3120
12503,41.30,874
13864,41.10,1096
13316,41.00,6655
12924,40.70,114
14807,40.70,2764
12407,40.70,137
13309,40.60,5940
14775,40.60,2284
13459,40.50,2069
12122,40.30,4372
12926,40.30,1954
12138,40.30,3247
12120,39.80,700
13071,39.80,989
12959,39.60,1532
14507,39.40,1292
12987,39.30,244
14171,39.20,2005
13691,39.00,2948
12966,38.90,3352
12439,38.60,303
14591,38.40,1552
12946,38.40,5124
14873,38.30,2832
12060,38.20,1324
13147,38.20,1372
14803,38.20,956
12197,38.00,2560
14861,37.80,1305
14767,37.70,2021
12529,37.60,2515
14836,37.50,1127
12941,37.50,1530
12136,37.50,682
13608,37.40,1502
13364,37.20,110
13660,37.20,2019
13146,37.20,2036
13736,37.10,2252
14826,37.10,2264
13808,36.90,1362
14719,36.90,3501
13843,36.80,2007
12996,36.80,1905
14878,36.80,590
13680,36.70,1301
13081,36.70,1062
14418,36.70,1371
12023,36.60,2120
13471,36.50,3442
14113,36.40,620
12741,36.30,304
12434,36.30,515
12042,36.30,158
12778,36.20,211
10020,36.20,1
12967,36.20,1361
14737,36.10,3997
12169,36.10,346
14897,36.10,921
14741,36.00,2218
14855,35.70,1002
14889,35.40,1594
13052,35.30,1745
12494,35.30,662
13844,35.20,847
12031,35.10,114
13484,34.90,89
12175,34.70,770
13856,34.60,6570
14898,34.60,2021
12496,34.50,1632
13775,34.40,1841
12983,34.40,7958
12064,34.30,392
13303,34.30,1213
14739,34.10,2699
13337,34.10,634
14754,34.00,565
13625,33.90,1920
12155,33.90,1934
13696,33.80,63
13302,33.80,1551
13656,33.80,2895
13618,33.80,1795
13361,33.70,955
12502,33.50,1114
14805,33.40,944
12474,33.20,1467
14724,33.20,2486
13846,33.20,271
13661,33.20,1676
12736,33.00,201
13650,32.90,1433
13333,32.90,56
12914,32.80,1053
11957,32.60,713
13665,32.40,1413
12436,32.30,500
12814,32.20,1477
12495,32.20,294
12998,32.20,391
13348,32.10,1188
14082,32.10,322
13343,32.00,1830
14709,32.00,1617
13750,31.70,858
14735,31.50,2627
13835,31.40,1326
13155,31.40,643
14542,31.30,58
12910,31.30,2046
14806,31.20,2149
14536,30.90,568
13697,30.50,2009
12732,30.50,787
13839,30.40,1214
12147,30.40,603
13483,30.30,212
14781,30.00,2181
14731,30.00,1374
12920,29.90,2813
14728,29.80,801
12166,29.80,1314
14804,29.70,1662
14060,29.70,531
12827,29.70,3705
12418,29.50,408
13788,29.50,1042
13757,29.40,1098
12758,29.40,4529
13315,29.40,1450
13083,29.30,1704
12022,29.10,944
14824,28.80,654
12743,28.60,252
13682,28.50,896
14822,28.50,1415
13464,28.50,1093
13613,28.40,2385
14066,28.30,1149
12873,28.30,598
13368,28.00,1307
12917,27.80,1198
13652,27.70,1864
12071,27.60,255
12452,27.60,237
13355,27.50,802
13810,27.50,1104
12093,27.40,1812
12435,27.30,274
12036,27.20,202
13301,27.20,71
13630,27.20,1318
12007,27.20,33
12459,26.90,205
13679,26.80,1810
13320,26.80,2064
14024,26.70,1700
12815,26.70,1056
14723,26.60,1149
12442,26.50,881
12750,26.40,118
12764,26.20,1607
14784,26.20,766
12454,26.10,292
12430,26.00,1034
13493,26.00,2034
13040,25.70,2482
14859,25.60,800
14714,25.40,464
12455,25.40,1978
13693,25.40,534
13658,25.10,1979
14708,25.00,264
12444,24.90,386
13136,24.90,464
12740,24.80,1867
12986,24.70,6176
12468,24.60,1077
12981,24.50,2612
13832,24.20,673
12930,24.10,875
12928,24.10,1843
13681,24.10,823
14729,24.00,853
12422,23.90,244
12835,23.70,2353
12985,23.70,1315
13342,23.50,188
13158,23.50,1676
13124,23.20,109
11430,23.20,171
14880,23.10,1272
13646,22.80,2681
13640,22.80,288
14846,22.80,785
12187,22.70,522
13739,22.60,911
12784,22.50,51
13485,22.40,994
12993,22.40,1619
13813,22.10,629
14717,21.80,602
12464,21.80,963
13626,21.60,2147
12768,21.40,758
14820,21.30,655
12932,21.00,1357
13755,21.00,1287
12421,21.00,411
14885,20.90,880
12861,20.90,698
12912,20.90,1982
14721,20.90,78
12469,20.80,707
13415,20.70,41
12076,20.60,1582
12950,20.20,956
13494,20.10,361
13621,20.00,561
12997,19.80,1296
13064,19.80,26
14753,19.30,1065
12776,19.10,2123
12134,19.10,3736
13324,18.80,2331
14819,18.70,773
13860,18.50,17
13783,18.40,2199
13367,18.20,8565
12934,18.10,1066
12970,18.00,972
13690,17.80,935
13072,17.70,832
12480,17.50,594
13472,17.50,260
13633,17.00,352
13801,16.90,1169
14839,16.90,744
12410,16.90,696
12406,16.80,729
12886,16.80,244
12936,16.70,517
13488,16.70,70
13486,16.60,547
12769,16.60,82
12017,16.60,332
13782,16.60,611
12808,16.50,414
12786,16.40,292
12935,16.40,1676
13454,15.90,688
12853,15.30,1351
12131,15.30,114
12427,15.10,620
12836,15.10,670
12942,14.90,791
13635,14.70,831
13847,14.60,48
13752,14.60,729
13327,14.50,1973
12720,14.00,187
12777,14.00,757
12952,13.90,402
13489,13.80,598
13473,13.80,639
12424,13.80,246
12955,13.40,465
12857,12.30,533
12416,12.20,62
13325,12.20,942
12923,12.10,635
13740,12.00,475
12760,11.80,505
12945,11.80,476
13731,11.50,1066
10910,11.30,24
14783,11.20,350
13648,11.10,2094
14877,10.80,460
12819,10.70,316
13756,10.70,498
13639,10.10,199
13470,10.10,695
12194,10.00,155
13659,10.00,568
12870,9.80,1122
12810,9.70,654
12878,9.60,832
14884,9.50,185
11973,9.10,40
12492,9.00,348
12450,9.00,89
12032,9.00,836
13441,8.60,31
13666,8.50,361
12164,7.50,370
13360,7.40,487
13684,7.00,1116
13670,6.60,490
13672,6.50,826
12874,6.40,139
12989,6.40,957
13312,6.30,408
12843,6.30,372
12973,5.90,219
13420,5.50,1278
12441,5.40,34
12841,5.20,89
12858,5.00,56
12190,4.80,856
12842,4.80,956
13437,4.50,435
13695,4.50,78
12980,4.30,1122
13338,4.20,1032
12976,4.10,163
12969,3.90,391
12852,3.90,493
13687,3.80,543
12964,3.20,113
12108,3.00,445
12725,2.90,194
12943,2.00,207
12862,2.00,5
12812,2.00,130
12851,1.90,221
10911,1.90,2
12927,1.80,228
13331,1.70,148
13436,1.30,64
12856,1.00,66
12855,0.90,172
12139,0.90,226
12847,0.90,418
12922,0.80,36
13353,0.20,31